"","number","Wo","CR","Freq","aorta_Um_avg","aorta_Um_max","aorta_Ux_avg","aorta_Ux_max","connect_Um_avg","connect_Um_max","connect_Uy_avg","connect_Uy_max","vena_Um_avg","vena_Um_max","vena_Ux_avg","vena_Ux_max","aorta_P_avg","aorta_P_max","vena_P_avg","vena_P_max","delta_P","Q","COT","Work"
"1",1,0.56440976,0.675,1.25,0.520284440361325,1.91490545868874,0.215358125798926,1.89884439110756,0.311588486414761,1.42215564846992,0.155392263107317,1.41126558184624,0.531319710942849,1.77103847265244,0.256384252218835,1.7559140920639,988.883095762987,3452.81796875,-866.180421633835,1139.18369140625,-1855.06351739682,0.647386688672971,5739800000,1306.6
"2",2,0.78737526,0.51622868,1.25,0.382398284028825,1.3161613047123,0.0485586951880476,1.30490854382515,0.23784811812444,0.953427478671074,0.0471246025903943,0.945377200841904,0.388710040241016,1.27214819192886,0.0964871305555675,1.26097410917282,160.173386359215,2083.3220703125,-100.591630182423,1670.273828125,-260.765016541638,0.494006191827335,3.478e+09,827.4
"3",3,0.78737526,0.675,0.8169873,0.274016051089054,1.22697345912456,0.238666067196154,1.20795160531998,0.201114587531516,1.12324357032776,0.170532632999138,1.11929230391979,0.284417510006844,1.14511393010616,0.251661069030757,1.13437093794346,361.779909587846,1353.25654296875,-333.567827497359,70.1126098632812,-695.347737085205,0.514240077958794,3969300000,1068.8
"4",4,0.78737526,0.675,1.25,0.526888840954948,1.90042331814766,0.210506691344671,1.88453003764152,0.317641867714253,1.43056929111481,0.153342834681937,1.41975596547127,0.544397815029901,1.81883066892624,0.256336515489789,1.80270716547966,556.261631620491,2912.2833984375,-403.46989761706,1724.6140625,-959.731529237551,0.659814368891465,4251600000,1082.1
"5",5,0.78737526,0.675,1.6830127,0.427103375030471,1.72277987003326,0.278678013695574,1.69444769620895,0.302484947436684,1.50891587138176,0.205814978237098,1.50069922208786,0.422757732917215,1.71627745032311,0.278219895917623,1.69766709208488,771.727996752812,2673.404296875,-757.644894510685,322.577685546875,-1529.3728912635,0.77328107315037,1.3376e+10,3756.5
"6",6,0.78737526,0.83377132,1.25,0.867676883278516,3.39722186326981,0.783401168156339,3.36873769760132,0.682619304649192,2.95875400304794,0.603177569606487,2.94302105903625,0.874525982910722,3.19908499717712,0.845812121877737,3.14262717962265,1856.26497767507,4979.580859375,-1704.01209982925,577.4642578125,-3560.27707750432,1.61020675316863,6454900000,1635.5
"7",7,1.2157465,0.46198592,1.25,0.349330672523868,1.16423532366753,0.0340753183825608,1.15423865616322,0.217571752768261,0.851394012570381,0.0318571032348481,0.842983201146126,0.362771114655412,1.14963099360466,0.0653585877555909,1.14017672836781,80.945166060685,1767.9849609375,-11.2399266140881,1643.6494140625,-92.1850926747731,0.451839930219997,2782800000,639.05
"8",8,1.2157465,0.51622868,0.8169873,0.0969101042087485,0.3761425614357,0.0658450511529124,0.368248894810677,0.0772026882886196,0.386018194258213,0.0533161168099644,0.385139659047127,0.09555045973252,0.370950326323509,0.0747132280272468,0.365539230406284,42.8208513739899,390.723510742188,-40.7028784990983,108.713916015625,-83.5237298730882,0.181188244603974,3012400000,974.48
"9",9,1.2157465,0.51622868,1.25,0.392638745702904,1.3163049519062,0.0521649469016129,1.30485519766808,0.241626912338408,0.965426117181778,0.0473550871247819,0.956272184848785,0.409474207505201,1.3001374900341,0.0954619227832172,1.28948330879211,104.33054040836,1963.4935546875,-34.0817465964598,1788.7302734375,-138.41228700482,0.501162486936892,2910800000,708.06
"10",10,1.2157465,0.51622868,1.6830127,0.156751356380016,0.611239224672318,0.0896588060606876,0.599826760590076,0.119964810199095,0.578429810702801,0.0700922396857865,0.576132051646709,0.14434662679674,0.486525930464268,0.0862576372440627,0.478060878813267,102.87463070144,572.412060546875,-102.69609171965,48.2330902099609,-205.57072242109,0.281029618195821,1.3119e+10,4278.9
"11",11,1.2157465,0.675,0.6690525,0.392972693727091,1.44964173436165,0.247254626092554,1.42088279128075,0.26625286539719,1.24546304345131,0.167906492262571,1.24545380473137,0.355246092251976,1.37731924653053,0.243492481908023,1.37331262230873,256.826755487183,2684.4076171875,10.4787713479164,2053.283984375,-246.347984139267,0.623802621931582,1.861e+09,646.15
"12",12,1.2157465,0.675,0.8169873,0.267558583961722,1.18521675467491,0.23356060571453,1.16497606039047,0.198123064942446,1.10368259251118,0.165669278126452,1.10064253211021,0.277959592686851,1.17978222668171,0.247770225536894,1.17136940360069,163.010323926185,737.203271484375,-132.131078865195,77.7006774902344,-295.14140279138,0.500287345836584,3727900000,1132.2
"13",13,1.2157465,0.675,1.25,0.5317990593316,1.90393999218941,0.209099828310864,1.88869044184685,0.324556167331488,1.43972977995872,0.152222200904851,1.42811447381973,0.552308879984316,1.87068596482277,0.25641902637219,1.85433954000473,285.860585497289,2574.2708984375,-128.103054636123,2073.218359375,-413.963640133412,0.675085662689643,3303600000,848.14
"14",14,1.2157465,0.675,1.6830127,0.388020727022132,1.6572567820549,0.285773486595215,1.63174778223038,0.294449334445324,1.47134110331535,0.20563326406409,1.46515011787415,0.41814692061305,1.46115392446518,0.29746439288416,1.44072502851486,364.180482359014,1300.45234375,-353.211280534699,81.2824340820312,-717.391762893713,0.747403537872378,1.092e+10,3024.3
"15",15,1.2157465,0.675,1.8309475,0.38978332912218,1.62381574511528,0.263622969281249,1.60587683320045,0.281661985257345,1.43796533346176,0.184807024757342,1.43072545528412,0.503540743719632,2.0340096950531,0.240275283640293,2.01527178287506,360.100352151985,608.45078125,-363.604839768629,1027.88818359375,-723.705191920614,0.704541237340356,1.1068e+10,2941.8
"16",16,1.2157465,0.83377132,0.8169873,0.924215289667628,4.2970997095108,0.869470010007378,4.21680241823196,0.719993762120383,4.17821198701859,0.662433328400854,4.16433900594711,0.940620517838269,4.26465064287186,0.8810118547308,4.17778670787811,588.423098938098,2293.2857421875,-560.566264985655,84.7567443847656,-1148.98936392375,1.92347563794707,3222200000,870.87
"17",17,1.2157465,0.83377132,1.25,0.879854908890972,3.39417189359665,0.785706073910004,3.36082458496094,0.688389591951049,2.88223922252655,0.603608575082734,2.86536633968353,0.868965396190645,3.38446021080017,0.829819706879069,3.34342181682587,875.127583066841,3674.7046875,-738.770190711598,1837.633984375,-1613.89777377844,1.59778020757531,4140400000,1130.3
"18",18,1.2157465,0.83377132,1.6830127,1.10181150497567,4.72690343856812,0.892277705887452,4.63968932628632,0.846992093521224,4.59222197532654,0.694490146665955,4.57535415887833,1.1192775684772,4.44675326347351,0.875879971039621,4.36015844345093,1087.26974190606,3941.639453125,-1131.36824390058,369.529272460938,-2218.63798580664,2.28784842313701,1.1776e+10,3104.5
"19",19,1.2157465,0.88801408,1.25,1.35843662969871,4.66318488121033,1.26720976460213,4.5848137140274,1.08028157658723,4.1699692606926,0.990120915878239,4.14979845285416,1.35397833388439,4.59710687398911,1.31989300551353,4.51255679130554,1450.50975376145,4421.124609375,-1263.94829732714,1494.7732421875,-2714.45805108859,2.64832132309872,4858900000,1318
"20",20,2.1921162,0.43818751,1.25,0.351419396371119,1.03765390813351,0.0233363706416624,1.03016957640648,0.227830631376352,0.815330967307091,0.0264855020008886,0.799151957035065,0.367773203954779,1.0919488966465,0.0644994989257995,1.08834683895111,61.1898424513393,1654.97421875,33.3659205371915,1622.853515625,-27.8239219141478,0.475585970218254,2420300000,557.73
"21",21,2.1921162,0.46198592,0.8169873,0.0999272032091918,0.325520820915699,0.0483196157220784,0.317514836788177,0.0774041077851096,0.349425338208675,0.0376614685185121,0.34924678504467,0.0789400039233224,0.30725996941328,0.0524207453447184,0.305305439978838,15.2295694741617,260.696337890625,-0.281996506392889,192.498937988281,-15.5115659805546,0.17773442446808,1980600000,622.8
"22",22,2.1921162,0.46198592,1.25,0.372847817345293,1.09609082341194,0.0267933862916681,1.08768507838249,0.238758303511601,0.862761065363884,0.0320137191441658,0.845769047737122,0.384865453487607,1.14582933485508,0.0649792209550569,1.14173345267773,59.1843246630623,1734.290625,32.1085762385156,1698.1796875,-27.0757484245467,0.497894653918897,2431200000,554.11
"23",23,2.1921162,0.46198592,1.6830127,0.153730014781087,0.493045412003994,0.0682124680210363,0.491104982793331,0.115268226312205,0.489638857543468,0.0505876236487753,0.48821534961462,0.124368763204394,0.415174067020416,0.0686354461221724,0.410077273845673,29.9924351514041,267.4453125,-17.7714150146323,78.5949584960938,-47.7638501660364,0.256771628411681,8389400000,2761.5
"24",24,2.1921162,0.51622868,0.6690525,0.318803292135477,0.842914655804634,0.0778593945656124,0.817839056253433,0.233084173666106,0.718989446759224,0.0575878828508899,0.71744903922081,0.257377383993052,0.74165977537632,0.0876465287355702,0.741081237792969,105.688373776424,1947.3220703125,79.7424193405564,1871.9904296875,-25.9459544358676,0.525286278762357,1508200000,547.39
"25",25,2.1921162,0.51622868,0.8169873,0.12356864232341,0.415414497256279,0.0692983880062587,0.414166152477264,0.0938310378462061,0.444542430341244,0.0531493408033991,0.444195680320263,0.103706403589111,0.410411357879639,0.0743262115942908,0.407024994492531,20.5190796823057,296.401489257812,-3.05139593911878,203.097119140625,-23.5704756214245,0.21839636373868,2104700000,652.62
"26",26,2.1921162,0.51622868,1.25,0.419203425980645,1.24881468713283,0.0544427888540859,1.23754695057869,0.264062257913443,0.9734957665205,0.048115087462485,0.954785794019699,0.427080156353608,1.29819080233574,0.0947064937274466,1.29369184374809,101.428454694032,1913.8384765625,61.7326741432532,1861.7205078125,-39.6957805507788,0.550860361733551,2604700000,617.25
"27",27,2.1921162,0.51622868,1.6830127,0.189152829161607,0.653069838881493,0.103977958176743,0.650441497564316,0.140928521797692,0.632646232843399,0.0714740797687297,0.630822479724884,0.163365438397811,0.55478785187006,0.101885480447508,0.548120513558388,43.9577670610868,320.459350585938,-27.9999561279245,65.253662109375,-71.9577231890113,0.320999019371086,8773300000,2835.9
"28",28,2.1921162,0.51622868,1.8309475,0.203880127832306,0.714000388979912,0.101344357812845,0.710269957780838,0.139771940484934,0.578113049268723,0.061832863048319,0.573022104799747,0.317534321190267,1.04382127523422,0.0807610665624251,1.03371627628803,26.2626800190107,612.86884765625,-40.275312541871,694.307666015625,-66.5379925608817,0.306630602469686,9.585e+09,2662.3
"29",29,2.1921162,0.58150521,1.25,0.476447213510784,1.45440444350243,0.0974722121181873,1.44049152731895,0.294891657155509,1.12536706030369,0.0770269553504477,1.10549941658974,0.484789858773708,1.51001274585724,0.143101055173197,1.50434240698814,105.532283850596,2124.9609375,42.5149436351116,2043.5275390625,-63.0173402154844,0.615833016731276,2740400000,653.58
"30",30,2.1921162,0.675,0.60414777,0.603170216655106,2.31216281652451,0.250231644961576,2.24456414580345,0.442182810905959,2.10767239332199,0.185324477005148,2.10483983159065,0.442768486476751,1.52344331145287,0.167469973434133,1.41624480485916,90.694431734842,3194.60234375,27.7791107096487,3031.9234375,-62.9153210251933,1.0455307300292,1398800000,559.9
"31",31,2.1921162,0.675,0.6690525,0.451687316527878,1.46510884165764,0.211899558203547,1.39769673347473,0.335466040515005,1.33941993117332,0.161246051541336,1.32881447672844,0.356443937567975,1.15346543490887,0.214456593229612,1.15343824028969,143.280182133192,2519.2662109375,72.0494527033008,2319.6001953125,-71.2307294298912,0.77737815340166,1600300000,582.53
"32",32,2.1921162,0.675,0.8169873,0.280241534174856,1.18864446878433,0.234594209471214,1.16514571011066,0.203148307076434,1.11980974674225,0.162292405200032,1.11839912831783,0.273136292940845,1.19606874883175,0.238875917245461,1.18873588740826,67.5597519064462,452.135205078125,-23.2110832492331,175.161511230469,-90.7708351556793,0.503684259081952,2452100000,744.68
"33",33,2.1921162,0.675,0.99501422,0.296783980073458,1.22232317924499,0.18419473554898,1.21899701654911,0.225542076973192,1.04163743555546,0.133757653356776,1.04015931487083,0.379034451503421,1.39171734452248,0.211760395326669,1.37126088142395,82.3338979485702,1380.29794921875,-16.341914444635,1403.2943359375,-98.6758123932052,0.486164952246956,2514900000,507.85
"34",34,2.1921162,0.675,1.25,0.530452187846223,1.79680839180946,0.208477182325327,1.77409112453461,0.350395498089851,1.43134161829948,0.151903035144222,1.41092047095299,0.519690721806351,1.7691470682621,0.229169892457833,1.74398556351662,182.239462315819,2416.4951171875,54.1971904054543,2261.30546875,-128.042271910365,0.733304280336392,2881300000,731.63
"35",35,2.1921162,0.675,1.5049858,0.523186293226118,1.87949031591415,0.253382811515066,1.83800414204598,0.36178753637852,1.6629895567894,0.18331073446811,1.65962189435959,0.430648402009395,1.74869611859322,0.247164781380238,1.7417661845684,44.6106570136124,1768.7625,-125.054022062658,1251.23076171875,-169.66467907627,0.797471215356947,4.271e+09,1184.6
"36",36,2.1921162,0.675,1.6830127,0.41432772542476,1.56378477811813,0.30921537817629,1.53792172670364,0.306112635318781,1.45732060074806,0.204164231485965,1.45216390490532,0.423618958706708,1.55274510383606,0.309540381206572,1.53657868504524,128.983058094076,587.437255859375,-105.933975227249,23.5972366333008,-234.917033321325,0.7599748050012,9.737e+09,2886.2
"37",37,2.1921162,0.675,1.8309475,0.401198531976278,1.63234055042267,0.265033545379744,1.61687016487122,0.298474103435113,1.43282353878021,0.181709325367242,1.42420709133148,0.470015626501806,1.76318928599358,0.225579900662946,1.72696128487587,100.534230303852,725.16806640625,-115.150472689982,894.78154296875,-215.684702993834,0.727959248577463,8.971e+09,2410.2
"38",38,2.1921162,0.675,1.8958522,0.452544712490493,1.75190135836601,0.258732412733061,1.73492297530174,0.318144026839246,1.50448545813561,0.172624744107452,1.48967936635017,0.50083826430037,1.97851985692978,0.211196475451248,1.93935409188271,108.655882694091,1104.43564453125,-99.3299755106915,1219.3203125,-207.985858204782,0.74517981546331,8225300000,2088.5
"39",39,2.1921162,0.76849479,1.25,0.651281139935891,2.44536995887756,0.429432369947869,2.4134236574173,0.461386115988716,2.01233386993408,0.323123015082204,1.98998436331749,0.630446430296565,2.39834174513817,0.470069564567642,2.3597739636898,261.383854247556,2726.78515625,-21.6455790663809,2410.7033203125,-283.029433313937,0.988563377189751,2777300000,819.98
"40",40,2.1921162,0.83377132,0.6690525,0.96916100356288,4.33516591787338,0.802881527500231,4.22816395759583,0.774271932912395,4.07548695802689,0.631037820415966,4.07547533512115,0.923344180442416,3.57747107744217,0.811619874971074,3.53300660848618,261.430638270159,3216.4359375,-38.7385851639829,2406.08203125,-300.169223434142,1.93518017646721,1771900000,648.74
"41",41,2.1921162,0.83377132,0.8169873,0.990211334255513,4.63686794042587,0.936326867316482,4.56563264131546,0.727752799176209,4.29946035146713,0.670159428491095,4.28698986768722,0.994011753481696,4.62712615728378,0.940441942881254,4.57091480493545,227.925708270232,1013.8759765625,-181.281593799104,124.5322265625,-409.207302069336,1.93637211641426,2809900000,794.36
"42",42,2.1921162,0.83377132,1.25,0.883355483704349,3.35129886865616,0.771009163431805,3.30368846654892,0.69576171576941,2.85156577825546,0.594007980420709,2.82614588737488,0.855009952233209,3.31076830625534,0.804255195088754,3.24958324432373,376.699996880435,2999.171484375,-147.023105805916,2458.3078125,-523.723102686351,1.58749691578208,3033900000,886.13
"43",43,2.1921162,0.83377132,1.6830127,1.16555782538713,4.96038049459457,0.920668142974207,4.87673491239548,0.94048062350395,4.86233055591583,0.724745626900515,4.83835279941559,1.19159354067121,5.07795035839081,0.917505503950032,4.96364384889603,381.642269560007,1495.67724609375,-382.951847914549,27.1471832275391,-764.594117474556,2.52633059852302,8582800000,2399.3
"44",44,2.1921162,0.83377132,1.8309475,1.10214259867558,5.0044059753418,0.867358870177396,4.92196351289749,0.878962061500016,4.75305318832398,0.665823477028215,4.72981631755829,1.09132769463235,4.50699210166931,0.84469890979214,4.40607160329819,399.100044146853,750.87958984375,-401.883642306318,1117.691796875,-800.983686453171,2.31608425572709,9558600000,2520.9
"45",45,2.1921162,0.88801408,0.8169873,1.44919907173168,6.78347587585449,1.37731535471394,6.66389882564545,1.13678031339124,6.54033720493317,1.06287280451522,6.51717066764832,1.46122586249151,6.61271989345551,1.38545661364018,6.45855963230133,335.528117195106,1519.73974609375,-302.154678574407,128.673059082031,-637.682795769513,3.05933155950931,2704900000,742.5
"46",46,2.1921162,0.88801408,1.25,1.35295613798458,4.64233607053757,1.25050500857958,4.57091361284256,1.09993335451537,4.1181668639183,0.995621880003735,4.08860504627228,1.34350379112108,4.85794812440872,1.30839262802252,4.81442302465439,544.572355157472,3218.3919921875,-362.551303550024,2456.6650390625,-907.123658707496,2.65072722975542,3301600000,986.27
"47",47,2.1921162,0.88801408,1.6830127,1.68073491065745,7.27904915809631,1.36328570073462,7.16378927230835,1.34754013331258,7.11333572864532,1.06964210993956,7.08008587360382,1.7160189281164,7.31743156909943,1.35342348164368,7.14873075485229,586.728141197792,2333.340234375,-597.813413404731,116.416003417969,-1184.54155460252,3.64708648726337,8476300000,2237.9
"48",48,2.1921162,0.91181249,1.25,1.6068102820064,5.40587365627289,1.49976639233158,5.32130599021912,1.30860990648104,4.86074894666672,1.20167074296842,4.82881605625153,1.59363684724827,5.32710790634155,1.55471772870622,5.20905792713165,662.249367232608,3424.11953125,-446.116565879361,2461.78515625,-1108.36593311197,3.193511130848,3524200000,1041.4
"49",49,2.3845769,0.675,1.25,0.536994246269323,1.7795504629612,0.208971216509606,1.75855129957199,0.357808248122008,1.41720935702324,0.15178699653608,1.39345988631249,0.526498990389882,1.76226794719696,0.227435033577449,1.73882335424423,174.941380557021,2407.387890625,68.3900700055192,2279.3404296875,-106.551310551502,0.750263706121745,2827600000,726.78
"50",50,3.3670938,0.51622868,1.25,0.430801838456729,1.13830514252186,0.053810746281632,1.13143101334572,0.306053881542399,0.958429500460625,0.0480954775992254,0.940067917108536,0.422888281515139,1.14383399486542,0.0860119579097569,1.13704301416874,64.3451903788308,1915.8158203125,47.1569357096562,1893.89453125,-17.1882546691746,0.639012010630875,2659900000,600.89
"51",51,3.3670938,0.675,0.8169873,0.305984881249339,1.19139552116394,0.222023844612355,1.1587131023407,0.229257625863782,1.1716665327549,0.16439151398217,1.17112807929516,0.277422731265194,1.18559770286083,0.226131052035658,1.1785950511694,34.4892991761824,382.439208984375,-1.24016263980399,253.04892578125,-35.7294618159864,0.559651232600868,1949800000,572.56
"52",52,3.3670938,0.675,1.25,0.555313200137199,1.65954291820526,0.188018850550358,1.64819017052651,0.40026478541012,1.33875712752342,0.151346087656958,1.32521405816078,0.533944215688527,1.69958204030991,0.223805687298169,1.68393805623055,127.358769043432,2393.1654296875,72.6923901850808,2326.3509765625,-54.6663788583512,0.844475807792808,2822900000,743.47
"53",53,3.3670938,0.675,1.6830127,0.445379939792807,1.53242737054825,0.291305714854794,1.49567663669586,0.339095549158698,1.49847328662872,0.209222278564749,1.49318382143974,0.444088838575639,1.57751768827438,0.299192070073784,1.56310737133026,56.8571878771597,403.117602539062,-38.9584285029286,86.9336853027344,-95.8156163800883,0.838224789539442,7543700000,2211.6
"54",54,3.3670938,0.83377132,1.25,0.894159802880425,3.13635647296906,0.733013424169258,3.10149967670441,0.737100269761868,2.68418818712234,0.593862262574616,2.64534920454025,0.84930122561323,3.16878408193588,0.77398999016273,3.10266971588135,196.639375400543,2825.528515625,-32.2671179991503,2614.3001953125,-228.906493399693,1.66649557898879,3002600000,893.39
"55",55,5.05,0.42580054,1.25,0.391343631888067,0.930681675672531,0.0150852483326135,0.925933495163918,0.308639073036969,0.926772281527519,0.0243984324112646,0.900211334228516,0.372746352122004,0.984006971120834,0.0479662451178748,0.983770936727524,52.0180904525887,1623.69716796875,49.8479036672429,1619.1619140625,-2.1701867853458,0.630157348269395,2541300000,556.54
"56",56,5.05,0.43818751,0.8169873,0.173584481346167,0.565275773406029,0.0501507563554702,0.565036237239838,0.129608382440394,0.451601333916187,0.0394291893174001,0.45152448117733,0.131975997685455,0.416241362690926,0.0495632533718668,0.413630902767181,8.44090951792838,222.638134765625,4.96512010346501,203.585583496094,-3.47578941446337,0.297779716723166,1408400000,432.58
"57",57,5.05,0.43818751,1.25,0.400791403943967,0.957645699381828,0.0189412995217951,0.952604040503502,0.317609441918858,0.964851602911949,0.0269110096134962,0.936772748827934,0.383167797320581,1.01239182054997,0.0505565521613319,1.01206533610821,54.8840090808705,1668.6208984375,52.0503759354681,1660.57578125,-2.83363314540239,0.650326481910623,2603700000,568.96
"58",58,5.05,0.43818751,1.6830127,0.237046430881688,0.590117573738098,0.0782432851533585,0.572124794125557,0.179377166227473,0.615322776138783,0.051402668411286,0.614118278026581,0.20902572834282,0.54851558059454,0.0769755213499452,0.544523820281029,11.5459247345452,188.171008300781,2.61820424966099,139.069799804688,-8.92772048488421,0.41190091518265,4884600000,1535.8
"59",59,5.05,0.46198592,0.6690525,0.496283296454972,1.27774998545647,0.0295182196568802,0.937791839241982,0.40577576495707,1.07978411018848,0.0487132183431337,1.04663640260696,0.362754599723664,1.01201511919498,0.097356788240552,0.990211516618729,79.4239135205641,1674.59453125,75.2317884759297,1649.922265625,-4.19212504463439,0.989178299886432,1718800000,600.6
"60",60,5.05,0.46198592,0.8169873,0.184118453712423,0.485138110816479,0.0583500266878694,0.481818728148937,0.138431605461407,0.494281724095344,0.045201960125298,0.494225881993771,0.139647635587158,0.453311875462532,0.0559864486655052,0.45094158500433,8.94747442544818,232.283618164062,4.62568020468633,214.714477539062,-4.32179422076185,0.318357249628055,1424400000,432.08
"61",61,5.05,0.46198592,1.25,0.419945178899723,1.00283533334732,0.0249279597850017,0.997570380568504,0.332419067970477,1.0239202529192,0.0317200642955588,0.994761735200882,0.401059031261996,1.06786727905273,0.0598523806603715,1.06748595833778,57.0996272747333,1743.4048828125,53.8498765879443,1741.0736328125,-3.24975068678901,0.682370272826401,2703800000,600.11
"62",62,5.05,0.46198592,1.6830127,0.2532929046965,0.609605573117733,0.0871325278604485,0.598747208714485,0.192901828437103,0.667674914002419,0.0595566107490763,0.666175186634064,0.222916349917585,0.598948486149311,0.0803649965876696,0.588007196784019,12.0083167073345,201.736279296875,0.893349589131598,144.924255371094,-11.1149671182029,0.443568620311333,5040100000,1585.2
"63",63,5.05,0.46198592,1.8309475,0.217901371565731,0.728701874613762,0.0782537175142481,0.728498324751854,0.184778445065604,0.577945597469807,0.0461073777371964,0.572978109121323,0.337744722859279,0.866474732756615,0.0514119534618344,0.844182595610619,8.0771234160669,583.092041015625,-2.56815189865576,607.44384765625,-10.6452753147227,0.396428049939756,6287700000,1818.5
"64",64,5.05,0.51622868,0.60414777,0.710948979400133,1.84822976589203,0.0643961117487907,1.57058000564575,0.553709914299866,1.7341260612011,0.0917499130810029,1.66596949100494,0.532668949079899,1.65875628590584,0.122292370602187,1.63916364312172,113.458416916706,2365.3396484375,107.74073089645,2352.8892578125,-5.717686020256,1.5251447502933,1897200000,667.87
"65",65,5.05,0.51622868,0.6690525,0.542725739133958,1.37596189975738,0.0421389396595057,1.09227143228054,0.445762309711426,1.23100109398365,0.0659784430652305,1.19818158447743,0.392419364257616,1.12432844936848,0.120326968891378,1.10213361680508,91.2316723293729,1867.3689453125,84.0879381255498,1830.2591796875,-7.1437342038231,1.11335533988698,1954500000,652.37
"66",66,5.05,0.51622868,0.8169873,0.21534784125366,0.5711580067873,0.0817181121935042,0.562406443059444,0.159614027755695,0.596291795372963,0.0623426612409305,0.596284493803978,0.163604876530739,0.547181256115437,0.0806431491738967,0.543106980621815,12.2329120182955,259.607861328125,6.48615723711412,238.675952148438,-5.74675478118138,0.368944122957474,1487700000,437.32
"67",67,5.05,0.51622868,0.99501422,0.253257870872361,0.679212212562561,0.0464084420219826,0.678646191954613,0.221101625927634,0.655550137162209,0.0370525725623837,0.608464367687702,0.364690388612374,0.865544602274895,0.0536703761698951,0.8653824031353,49.1035878408889,1125.406640625,43.3069226408413,1141.92314453125,-5.7966652000476,0.426267159752401,2546600000,396.57
"68",68,5.05,0.51622868,1.25,0.463056341127063,1.11820511519909,0.0463958448744961,1.11443012952805,0.366990391997835,1.14810742437839,0.0476269278263387,1.11659944057465,0.431559065674754,1.19156442582607,0.084471186184181,1.19108401238918,72.3872982538664,1925.824609375,65.8587854605454,1910.0216796875,-6.528512793321,0.761650270577985,2.895e+09,645.77
"69",69,5.05,0.51622868,1.5049858,0.446851510451569,1.09562687575817,0.0936325120678553,1.07192575931549,0.328311392880725,1.04874610900879,0.0709512675429533,1.04855626821518,0.291170217606493,0.951614901423454,0.0925227823656762,0.951341688632965,-20.1777709919018,1228.29892578125,-30.9085956646079,1187.8529296875,-10.7308246727061,0.693444597002901,3.174e+09,909.93
"70",70,5.05,0.51622868,1.6830127,0.297910580612597,0.762891471385956,0.120754085232736,0.748658403754234,0.225878477014283,0.802197456359863,0.0823865933757938,0.798850208520889,0.261600324674744,0.751902908086777,0.112954593277342,0.737246498465538,15.1981855173833,230.636865234375,-0.168471221055055,150.286242675781,-15.3666567384384,0.525837898207528,5155800000,1631.3
"71",71,5.05,0.51622868,1.8309475,0.248629474320966,0.792582556605339,0.102628102712325,0.787695795297623,0.218778459673138,0.734941437840462,0.0673850517419991,0.730419307947159,0.370483965527236,1.01767532527447,0.0746249199833223,0.987646654248238,13.3290739206167,638.341455078125,-0.552546325620709,668.169921875,-13.8816202462374,0.48029206726754,6613200000,1921.1
"72",72,5.05,0.51622868,1.8958522,0.290761319752514,0.903789699077606,0.0917968050207754,0.900332555174828,0.244283280595062,0.793995037674904,0.0635794453631276,0.773594826459885,0.408938781183679,1.16929724812508,0.0671757007456528,1.14269003272057,34.7077330515935,933.56728515625,18.4196566801805,952.144921875,-16.288076371413,0.503536493766872,6264300000,1615.3
"73",73,5.05,0.52692094,1.25,0.471032616780856,1.14324763417244,0.0522665052908179,1.13943353295326,0.373724874713494,1.17413766682148,0.0517104475931354,1.14274181425571,0.444526501267672,1.22043184936047,0.0954284534321448,1.21971674263477,74.3557016486796,1960.458203125,61.230819687715,1942.0884765625,-13.1248819609646,0.775926799365534,2833300000,641.53
"74",74,5.05,0.58150521,0.8169873,0.256105810787553,0.770277455449104,0.119082561154661,0.74382483959198,0.191965348880565,0.778742209076881,0.0937153436567432,0.773331746459007,0.2014681052651,0.717987194657326,0.123001492790414,0.714000687003136,13.6153726545835,294.28193359375,7.01812100502478,258.623779296875,-6.59725164955872,0.448125401611059,1542500000,453.54
"75",75,5.05,0.58150521,1.25,0.513888133710159,1.27769038081169,0.0799688506566991,1.27528935670853,0.408971910055978,1.29976227879524,0.0772522243015164,1.27141535282135,0.484193541133149,1.36085495352745,0.124959693697408,1.35947570204735,82.1992142603948,2119.79140625,65.6466033617155,2109.506640625,-16.5526108986793,0.858914105045089,2797800000,687.27
"76",76,5.05,0.58150521,1.6830127,0.361729603391279,1.03027604520321,0.175507344596047,1.00529380142689,0.276076233159984,1.03567413985729,0.127562378412012,1.03244177997112,0.325060969094361,1.01318277418613,0.165375850083964,0.991548448801041,20.7094099753942,267.441137695312,-3.8148028587902,149.424719238281,-24.5242128341844,0.66031398210257,5472400000,1720.6
"77",77,5.05,0.675,0.57036512,0.969726787613278,2.8712272644043,0.241446939150289,2.75239259004593,0.725124397599656,3.21277678012848,0.233596193608213,3.16354185342789,0.777150820769603,2.64621585607529,0.221905928753629,2.62239068746567,72.1509019003974,2661.8859375,58.8203783460164,2566.6107421875,-13.330523554381,1.77491014821537,1.998e+09,667.57
"78",78,5.05,0.675,0.60414777,0.86977089688945,2.70221620798111,0.236862501664695,2.60203868150711,0.666663751452385,2.77008295059204,0.224815437809512,2.74079889059067,0.67976835642993,2.28233486413956,0.232727841883186,2.22604840993881,121.827399592929,2588.24296875,105.378974278768,2532.1623046875,-16.448425314161,1.67709843866978,2089800000,734.62
"79",79,5.05,0.675,0.6690525,0.732937044085702,2.18417525291443,0.184989894102425,2.07010194659233,0.567662388862421,2.32317343354225,0.182570894874516,2.23554089665413,0.522255643946765,1.45704120397568,0.253825821024394,1.41820669174194,110.567957894007,2327.7162109375,93.007992249065,2277.4603515625,-17.559965644942,1.43541894615139,2143300000,762.23
"80",80,5.05,0.675,0.8169873,0.355140028135648,1.22577175498009,0.229521528831945,1.18623815476894,0.270282491884803,1.19090221822262,0.179228525912608,1.18597380816937,0.303473118212987,1.15959919989109,0.237899581678713,1.14863835275173,20.8509742547473,352.25703125,4.57777001298518,275.624072265625,-16.2732042417621,0.64960044113766,1.679e+09,491.13
"81",81,5.05,0.675,0.84614802,0.315809464664049,1.19088217616081,0.223628400183554,1.1649152636528,0.24791550447586,1.16766877472401,0.167894727475414,1.16102300584316,0.316156469314413,1.21460922062397,0.225249523078083,1.172751262784,8.28656467300116,67.39580078125,-8.06059561987429,101.643981933594,-16.3471602928754,0.602320276428092,1903700000,538.33
"82",82,5.05,0.675,0.99501422,0.356686077843,1.18417181074619,0.169851865118084,1.18065305054188,0.332250931991204,1.1471014469862,0.137460839529071,1.08292147517204,0.46551724574754,1.2183503061533,0.168121715410492,1.19158066809177,71.6142039514357,1396.3421875,52.2985154182681,1448.2359375,-19.3156885331676,0.680268976595457,2619700000,531.83
"83",83,5.05,0.675,1.25,0.619505717454908,1.5590862929821,0.169169369037263,1.55444040894508,0.484919473009471,1.55279263854027,0.153841418562549,1.53583139181137,0.579162575349283,1.69336214661598,0.207508194017954,1.69045999646187,97.8317264593565,2388.266796875,74.4007011376895,2366.5845703125,-23.431025321667,1.04207132693078,2793500000,772.52
"84",84,5.05,0.675,1.5049858,0.598769117182551,1.86224192380905,0.257440359565198,1.81754007935524,0.458195745013654,1.75624817609787,0.202321079016026,1.756232380867,0.444537828174921,1.57103970646858,0.253506099518115,1.56440153717995,-22.6267444904034,1590.24345703125,-58.6095628243226,1460.535546875,-35.9828183339192,0.999833264219084,3562600000,999.64
"85",85,5.05,0.675,1.653852,0.513862839103457,1.52433574199677,0.304752567119425,1.48810014128685,0.401190602936997,1.47010132670402,0.233431212855259,1.46470114588737,0.44562820833122,1.62516534328461,0.29721080076084,1.6031602025032,31.6911368909045,502.41181640625,-13.942064951977,347.664599609375,-45.6332018428815,0.982655776336859,5194800000,1333.3
"86",86,5.05,0.675,1.6830127,0.495290846234157,1.52094781398773,0.299427878458079,1.47889405488968,0.386340341662827,1.48290947079659,0.231348145390467,1.4773915708065,0.46956234946259,1.61269754171371,0.300974097596933,1.5821672976017,29.7762957817469,330.1251953125,-16.3529295135258,144.911767578125,-46.1292252952727,0.960478309750288,6298900000,1889.4
"87",87,5.05,0.675,1.8309475,0.441806323002451,1.65032178163528,0.26560502031246,1.62914633750915,0.378646986368739,1.54843732714653,0.198186632274078,1.54541835188866,0.534617865699916,1.75246149301529,0.228060272985693,1.69838860630989,30.0719296895541,783.760205078125,-12.9972057635968,828.50439453125,-43.0691354531509,0.893337697534366,6743900000,1867.2
"88",88,5.05,0.675,1.8958522,0.462237578366722,1.71343550086021,0.247411496644558,1.69649466872215,0.392242412127626,1.55143052339554,0.187147860031333,1.54731914401054,0.556819658198584,1.83210089802742,0.214863576531782,1.77999868988991,53.8201657221867,1137.1857421875,10.5625929075513,1173.7369140625,-43.2575728146354,0.887008353559393,6411400000,1658.1
"89",89,5.05,0.675,1.9296349,0.486110109363486,1.74871906638145,0.245592616041764,1.73200488090515,0.41226182363999,1.55125170946121,0.185636110904362,1.54610022902489,0.589424554612108,1.91857427358627,0.225781328543206,1.89254015684128,67.573648423415,1309.93076171875,21.295749776133,1337.7466796875,-46.277898647282,0.903660273329606,5950100000,1555.5
"90",90,5.05,0.76849479,0.8169873,0.575553477749289,2.34456121921539,0.481021361649522,2.28287488222122,0.450169743098799,2.21309304237366,0.374626428036032,2.21248686313629,0.542970450830213,2.22923383116722,0.492056166257199,2.20102146267891,36.1093605185495,429.782421875,-6.13638794599039,266.061889648438,-42.2457484645399,1.13267456153813,1842400000,523.7
"91",91,5.05,0.76849479,1.25,0.749087434323727,2.08924889564514,0.382568355082309,2.04391837120056,0.591723001302363,2.02553659677505,0.322895995959698,2.00638517737389,0.67559726204938,2.21402123570442,0.412941267786614,2.19011008739471,120.327414347983,2622.5642578125,62.4920761744317,2571.6044921875,-57.8353381735513,1.29679202493213,2963500000,865.88
"92",92,5.05,0.76849479,1.6830127,0.780078075432147,2.91770339012146,0.579264895383788,2.84876465797424,0.620184357681025,2.78236478567123,0.458310197152234,2.76540756225586,0.769331419904001,2.94064193964005,0.592473220162498,2.88230627775192,55.2105435994955,454.28544921875,-46.752291848944,107.686572265625,-101.962835448439,1.59693164577991,6898100000,2131.1
"93",93,5.05,0.82307906,1.25,0.934030846289646,2.83079236745834,0.656978119571164,2.77709305286408,0.766791619808198,2.57749676704407,0.550122860053307,2.57725864648819,0.824534665325395,2.83698618412018,0.688431047205466,2.79664069414139,140.167807275006,2725.558984375,41.5203108377475,2674.4537109375,-98.6474964372585,1.73116794532883,3037700000,934.3
"94",94,5.05,0.83377132,0.60414777,1.30575193939472,4.80354160070419,0.785597519829429,4.64551210403442,1.01309590197828,4.34572607278824,0.644539871324216,4.34548735618591,1.052798040748,5.03812253475189,0.760068576139474,4.84165519475937,164.984401684337,2676.1455078125,101.172912269168,2516.7560546875,-63.811489415169,2.54122030230245,2330300000,795.39
"95",95,5.05,0.83377132,0.6690525,1.13302042984287,4.21397715806961,0.768484282311369,4.05124843120575,0.922030631517474,3.58919739723206,0.642238909799845,3.44612658023834,1.04793977504463,3.54108393192291,0.864374973412731,3.5366502404213,128.228507663144,2558.5146484375,62.6200173717618,2443.9724609375,-65.6084902913822,2.32315331561663,2305300000,808.29
"96",96,5.05,0.83377132,0.8169873,0.910971889876941,3.82375776767731,0.829786238888334,3.7378054857254,0.720283361685072,3.64317178726196,0.652965626257355,3.63648056983948,0.887314341741041,3.74826669692993,0.842718009601325,3.68419408798218,59.2192444013438,519.645458984375,-26.7898282174141,229.5173828125,-86.0090726187579,1.8735426481208,1945700000,518.8
"97",97,5.05,0.83377132,0.99501422,0.914568335583974,3.67738127708435,0.762866458756053,3.66026997566223,0.771175803654196,3.51106017827988,0.614149921240647,3.47242891788483,0.913124426245509,3.70031982660294,0.765277587981414,3.50572407245636,124.952308076428,1626.40830078125,29.9456865249142,1647.5755859375,-95.0066215515138,1.84021350091308,2828700000,671.97
"98",98,5.05,0.83377132,1.25,0.986435008573577,3.0514532327652,0.714249048218117,2.99911826848984,0.810002878451577,2.8023836016655,0.600300706448435,2.80212491750717,0.878583573789809,2.99212604761124,0.754819223638522,2.92107373476028,143.311566707415,2724.112890625,37.8662206927185,2673.57109375,-105.445346014696,1.8419152828006,3231500000,943.34
"99",99,5.05,0.83377132,1.5049858,1.05330841810568,3.88975560665131,0.816418767678372,3.79391580820084,0.838672701161928,3.55111628770828,0.653353856740348,3.54973793029785,0.974140919476203,3.9831405878067,0.818020771061509,3.93180876970291,20.0401626806993,2028.586328125,-132.289512576342,1584.0361328125,-152.329675257041,2.02204893781072,3793800000,1120.8
"100",100,5.05,0.83377132,1.6830127,1.18363527840791,4.72583055496216,0.940605254405594,4.62797045707703,0.948277704128906,4.48293000459671,0.750000923765093,4.453384578228,1.18083766630242,4.72452014684677,0.953745363860015,4.62003529071808,94.0129961453951,625.313037109375,-89.770111318735,58.8124206542969,-183.78310746413,2.51485056140969,7509400000,2321.8
"101",101,5.05,0.83377132,1.8309475,1.09498361605802,4.62521404027939,0.880206057000368,4.55070614814758,0.902227765150691,4.34221148490906,0.699359757754092,4.32685673236847,1.0833523925752,4.17885661125183,0.853519157949799,4.04526382684708,87.7277025149419,882.505859375,-75.5911955906795,970.23828125,-163.318898105621,2.37217922444459,6517300000,1677
"102",102,5.05,0.83377132,1.8958522,1.04217089752917,4.42377924919128,0.845259748633767,4.35525447130203,0.87089299742813,4.13570165634155,0.667346368403881,4.12218987941742,1.00493055174902,3.96822303533554,0.817939812537126,3.83063137531281,110.106529103793,1293.216796875,-45.454542888989,1342.5115234375,-155.561071992782,2.24171876466539,6.478e+09,1682.7
"103",103,5.05,0.88801408,0.6690525,1.56515768383138,5.7353675365448,1.22477366415195,5.58259665966034,1.28366002783554,5.19111812114716,1.01071712214616,5.18559396266937,1.49701407376496,5.05998551845551,1.30918444845722,4.89789575338364,139.910043761465,2741.1755859375,15.9913327958849,2404.053125,-123.91871096558,3.29240704591102,2371100000,836.06
"104",104,5.05,0.88801408,0.8169873,1.44087420337008,6.24923169612885,1.34465913504149,6.10720455646515,1.14958703746238,5.98090529441833,1.07286548591031,5.94645977020264,1.43074526875747,6.16288721561432,1.36629952224677,6.02380514144897,91.2334611667314,640.671142578125,-64.3692661305177,150.3865234375,-155.602727297249,3.0607284854575,2075200000,551.41
"105",105,5.05,0.88801408,1.25,1.40968526930958,4.5189768075943,1.21367419943881,4.43294197320938,1.173164962773,4.24920678138733,0.992298240954719,4.24744784832001,1.39146513068296,5.22423386573792,1.31584308214919,5.04507064819336,178.263824940543,2807.884375,-10.897193302951,2721.0828125,-189.161018243494,2.77110257590316,2943300000,995.22
"106",106,5.05,0.88801408,1.6830127,1.76654597415248,6.93507790565491,1.38294844265497,6.79843723773956,1.42550675066909,6.57715737819672,1.102857506652,6.53077006340027,1.77123948406236,6.98259711265564,1.39499652446076,6.81782901287079,150.266311716116,869.23046875,-139.142311932601,62.8687316894531,-289.408623648717,3.81804457983378,7589800000,2405.3
"107",107,5.05,0.88801408,1.8309475,1.61687950818585,6.75029158592224,1.31549549768981,6.644007563591,1.32626597159273,6.33728563785553,1.04796968306898,6.31609439849854,1.57334765704359,6.2643164396286,1.28788823279416,6.0751885175705,139.067537956971,898.08291015625,-123.371507370232,1045.24384765625,-262.439045327203,3.54040400862975,7021700000,1838.8
"108",108,5.05,0.91181249,0.8169873,1.66759567481706,7.24347770214081,1.55293084870678,7.06986963748932,1.33495807458624,6.89438879489899,1.24498183635766,6.86224937438965,1.65318881445039,7.08645582199097,1.57106057697914,6.90808951854706,102.774911197539,698.812890625,-76.3854782873584,153.041369628906,-179.160389484897,3.57103317198307,2165300000,571.48
"109",109,5.05,0.91181249,1.25,1.71378548317251,5.42714059352875,1.50831523298045,5.3123950958252,1.40937312409425,4.97672021389008,1.22916889725009,4.97350364923477,1.63730630508653,5.52309155464172,1.56304389477293,5.29628813266754,190.527672708951,2803.4431640625,-41.4731588581314,2722.1984375,-232.000831567082,3.38034369023651,3424700000,1059.1
"110",110,5.05,0.91181249,1.6830127,2.07602019771002,7.92997300624847,1.59171460303836,7.79230952262878,1.67741964763935,7.48061954975128,1.2694088791759,7.43024885654449,2.09962376327508,7.92485177516937,1.61818321105464,7.73266613483429,177.775437572484,1002.34921875,-165.799770549225,63.4712646484375,-343.575208121709,4.48453592651996,7400700000,2348.7
"111",111,5.05,0.92419946,1.25,1.85925088535783,5.93722224235535,1.65180736422115,5.81790566444397,1.52805145645442,5.45042514801025,1.34723771291577,5.44846415519714,1.74906555818749,5.94478070735931,1.67661109781665,5.6900542974472,205.105196734371,2831.9587890625,-54.9553069224724,2711.5982421875,-260.060503656843,3.69435382830153,3.43e+09,1075.7
"112",112,6.7329062,0.51622868,1.25,0.528216306950096,1.15822084248066,0.0258973824568055,1.1527955532074,0.423108867074716,1.28750339150429,0.048213917236593,1.26026451587677,0.49069599670872,1.23757019639015,0.0982755734991627,1.2357559800148,71.4675013950893,1910.6666015625,68.1795699990362,1893.6466796875,-3.2879313960531,0.918033717269916,3.151e+09,725.81
"113",113,6.7329062,0.675,0.8169873,0.388565435554952,1.22160449624062,0.242431345712861,1.17664068937302,0.29634986014571,1.23775437474251,0.193478082283872,1.23661607503891,0.324435420629247,1.12285725772381,0.254840668982374,1.11732743680477,14.2174241636816,333.020776367188,4.52824999614837,270.223486328125,-9.68917416753323,0.703209513188106,1586700000,455.99
"114",114,6.7329062,0.675,1.25,0.706314280396327,1.61802425980568,0.161368697657823,1.60891771316528,0.560312100686133,1.78127110004425,0.169301634592277,1.77993655204773,0.658209152461495,1.61171779036522,0.231201463175239,1.60276725888252,86.5882520528941,2350.0556640625,71.0886720070473,2347.5265625,-15.4995800458468,1.2851239163294,3134300000,836.12
"115",115,6.7329062,0.675,1.6830127,0.537948977168844,1.60560429096222,0.335173736848835,1.55268460512161,0.418664638982871,1.54799729585648,0.265573533136586,1.5455724298954,0.503684999534755,1.61438003182411,0.345868080141737,1.58567115664482,23.6471046162467,309.714990234375,-7.88632125267348,158.468041992188,-31.5334258689202,1.04007159168569,5607600000,1749.5
"116",116,6.7329062,0.83377132,1.25,1.08905400382355,3.36746513843536,0.705170175883373,3.30136984586716,0.882496060006535,3.31161797046661,0.617424453471008,3.31027299165726,0.996542653957859,3.13531517982483,0.81649823090934,2.96404778957367,106.991913853111,2618.4333984375,37.2974306526504,2523.6466796875,-69.6944832004606,2.02909693228092,3541700000,1018.4
"117",117,7.7154231,0.675,1.25,0.760345383197503,1.74591645598412,0.147273983682556,1.72691538929939,0.593525890422125,2.01504305005073,0.17473039215894,2.01384514570236,0.7025490686039,1.75648137927055,0.232963267978278,1.71870946884155,87.0451288500403,2291.31328125,72.6506595341714,2289.0306640625,-14.3944693158689,1.45163008922777,3.387e+09,890.05
"118",118,7.9078838,0.43818751,1.25,0.499163288269869,0.99190928041935,-0.0106764691344534,0.984306260943413,0.402281954257677,1.14573456346989,0.0270015207732705,1.13522507250309,0.47690516358221,1.05674654245377,0.0831951345765617,1.05358265340328,58.1441880682595,1630.4525390625,56.8502342964922,1623.661328125,-1.29395377176729,0.901171076520549,3073800000,683.96
"119",119,7.9078838,0.46198592,0.8169873,0.214292538490513,0.603547170758247,0.0611070631436576,0.529898777604103,0.161094730609142,0.59233870357275,0.0519932249237994,0.590495355427265,0.151679957209259,0.465222112834454,0.0667034889249489,0.447572395205498,4.22668511696156,215.143408203125,1.90449324829255,204.836376953125,-2.32219186866901,0.358533611809361,1223200000,365.71
"120",120,7.9078838,0.46198592,1.25,0.524186054677997,1.04716755449772,-0.00395919738726302,1.0378447920084,0.418491163378222,1.21565073728561,0.0318412620528236,1.20789349079132,0.492671538444343,1.10805213451385,0.0904443607970069,1.10256791114807,62.4515223880391,1704.4841796875,60.4902077418108,1700.94921875,-1.9613146462283,0.952176024097566,3042200000,692.17
"121",121,7.9078838,0.46198592,1.6830127,0.285988157530206,0.68544015288353,0.102644643689868,0.684693530201912,0.210920445025504,0.801195129752159,0.0707646012367779,0.800035297870636,0.242974843330494,0.655603334307671,0.0917360609608218,0.643345415592194,9.70633625990378,200.984582519531,0.857313877983322,164.026513671875,-8.84902238192046,0.483620505297053,4274900000,1337.5
"122",122,7.9078838,0.51622868,0.6690525,0.717741974707072,2.1268467605114,-0.0122282023140643,1.52555018663406,0.552199237179593,2.05126941204071,0.0686160285897333,1.98203414678574,0.541826061348224,2.17126086354256,0.184548130920222,2.15504258871078,78.3236612293456,1641.509765625,74.524023036162,1613.591015625,-3.79963819318361,1.83881549678261,2098100000,690.31
"123",123,7.9078838,0.51622868,0.8169873,0.24735931460681,0.625414177775383,0.0902518043644264,0.617258585989475,0.185077677289354,0.700059086084366,0.0721759145052337,0.698511451482773,0.176022123793809,0.544207654893398,0.0957429121561004,0.543440729379654,6.73044658510488,242.965185546875,4.24015136755971,222.36533203125,-2.49029521754517,0.414651851967178,1248300000,366.57
"124",124,7.9078838,0.51622868,1.25,0.572661576791603,1.1772546172142,0.00490864361715941,1.16821832954884,0.462382256017568,1.35873019695282,0.0473547510225147,1.35235413908958,0.538258352978948,1.24435611069202,0.11409709248615,1.23569488525391,69.2551768335522,1884.9240234375,66.9672503588291,1869.6169921875,-2.28792647472309,1.0807979476707,3399100000,775.48
"125",125,7.9078838,0.51622868,1.6830127,0.333216285914012,0.803561061620712,0.14046303646135,0.802463591098785,0.249183928079079,0.930909141898155,0.0999018110873854,0.92912346124649,0.281896046390723,0.801497250795364,0.131887405034935,0.787957832217216,10.9213290091982,231.197143554688,2.22637457776971,168.081921386719,-8.69495443142849,0.583707167095696,4.392e+09,1409.4
"126",126,7.9078838,0.51622868,1.8309475,0.268506250946442,0.838855728507042,0.128226511747366,0.835391581058502,0.25369243673789,0.851253792643547,0.0839885818344462,0.831172987818718,0.393531569145405,1.00049808621407,0.091589973106658,0.966123715043068,10.2918474300549,646.98779296875,1.14738297462464,664.2390625,-9.14446445543026,0.543357643520193,6119700000,1798
"127",127,7.9078838,0.58150521,1.25,0.638803087764929,1.35595589876175,0.0357722270259689,1.35063052177429,0.512346408795565,1.54421463608742,0.0791235186602885,1.52875691652298,0.604640598399923,1.36610746383667,0.152296191536352,1.34678617119789,79.3614461678725,2078.7609375,75.4739098925511,2069.9951171875,-3.88753627532139,1.25026130092218,3272600000,799.07
"128",128,7.9078838,0.675,0.60414777,1.09332042494013,3.81754666566849,0.224455966850251,3.75488787889481,0.874086062656716,4.7542804479599,0.337953065239668,4.68550831079483,0.880611611102562,2.56458073854446,0.333488678619952,2.54638463258743,130.005595170127,2367.3736328125,118.214183575407,2340.5337890625,-11.79141159472,2.31339641068866,2715500000,903.22
"129",129,7.9078838,0.675,0.6690525,0.947383697752634,2.69440352916717,0.160214433985352,2.50877499580383,0.697325769870076,3.26453119516373,0.229040650133053,3.22352319955826,0.73988992587914,2.5358247756958,0.3666911296472,2.523213326931,111.514751964145,2087.3048828125,96.0701902472223,2085.1931640625,-15.4445617169227,1.99712206560027,2522300000,882.33
"130",130,7.9078838,0.675,0.8169873,0.405573608813971,1.22509010136127,0.251493541875146,1.18149071931839,0.310122007521005,1.30246996879578,0.202240697368794,1.30010813474655,0.333176965447697,1.09839111566544,0.265862849355225,1.0942992568016,10.7388695469039,323.009057617188,3.46813597631586,263.522485351562,-7.27073357058804,0.731093636767099,1566100000,442.63
"131",131,7.9078838,0.675,0.99501422,0.45084855963538,1.33719936013222,0.150939766995913,1.32260844111443,0.42392217689344,1.38316929340362,0.151407854962951,1.35248735547066,0.578902144275782,1.56883522868156,0.213694114024155,1.5409229695797,62.6547824982674,1392.42265625,50.3977789329832,1416.97236328125,-12.2570035652842,0.931100767714081,2868400000,616.02
"132",132,7.9078838,0.675,1.25,0.771273349495863,1.60048618912697,0.153698569226365,1.59353941679001,0.599007258809601,1.86739668250084,0.183465228545034,1.86526834964752,0.701544038595754,1.66774168610573,0.250412052488313,1.63711816072464,82.7623007097815,2272.78984375,75.0528202174784,2293.6345703125,-7.7094804923031,1.46792459145684,3315600000,880.16
"133",133,7.9078838,0.675,1.5049858,0.688232177098353,1.86365082859993,0.295246105155317,1.79491400718689,0.527557124383748,2.15581804513931,0.253106333994275,2.14840978384018,0.514650260377522,2.02564612030983,0.335080099337857,1.93446174263954,-22.792510179373,1579.794921875,-42.2733417017151,1483.3662109375,-19.4808315223421,1.15874189674904,3.894e+09,1125.7
"134",134,7.9078838,0.675,1.6830127,0.56679703944097,1.74190640449524,0.367349184986564,1.67885735630989,0.434055195149715,1.61510065197945,0.289463431991093,1.61051213741302,0.521401103531745,1.63869395852089,0.375966429198847,1.61170423030853,21.8458616897154,302.010034179688,-5.45587302254233,155.959912109375,-27.3017347122577,1.07621271210246,5.333e+09,1683.4
"135",135,7.9078838,0.675,1.8309475,0.47972426495807,1.77684023976326,0.33465742491339,1.75316482782364,0.432626564351197,1.73943310976028,0.253708179496103,1.71422496438026,0.58442457838772,1.72759398818016,0.297745268242299,1.65429189801216,21.8312785148621,794.267529296875,-5.16895776803676,827.3990234375,-27.0002362828989,1.00693469773114,6573700000,1796.8
"136",136,7.9078838,0.675,1.8958522,0.488597472084131,1.77500411868095,0.295774824559115,1.76324725151062,0.452856568986765,1.767837703228,0.232319269930695,1.71872451901436,0.604992883969457,1.80401414632797,0.269338587733308,1.74722358584404,46.2456089157325,1138.8310546875,19.3355808551495,1177.95302734375,-26.910028060583,0.999134700598865,6.349e+09,1678
"137",137,7.9078838,0.76849479,1.25,0.934444290782826,2.57383227348328,0.384655571990431,2.50683218240738,0.738202917864188,2.68100678920746,0.369691150091477,2.66102969646454,0.842298296674226,2.43544980883598,0.484485754043187,2.41479188203812,102.191260623932,2489.7912109375,73.7977406795207,2410.59296875,-28.3935199444113,1.76947719161216,4021100000,1013.3
"138",138,7.9078838,0.83377132,0.6690525,1.37077873779668,4.39119935035706,0.771881622357695,4.28161263465881,1.0841888433788,4.89295929670334,0.736097549064046,4.66341435909271,1.21824541624615,5.73422491550446,0.944994892765149,5.72483599185944,128.89781439652,2362.76953125,67.7468019915395,2266.974609375,-61.1510124049805,2.86932464387635,2.794e+09,986.89
"139",139,7.9078838,0.83377132,0.8169873,0.98286695286317,4.21238124370575,0.849428606314725,4.06442672014237,0.76933198935172,3.50291728973389,0.689354188455318,3.49127382040024,0.928976591798109,3.80220681428909,0.870651613434014,3.73940646648407,35.3708722211127,445.229638671875,-10.768252580205,251.088671875,-46.1391248013177,1.98175593489671,1884400000,499.63
"140",140,7.9078838,0.83377132,1.25,1.17110215655815,3.65472704172134,0.706298111780633,3.64475131034851,0.938395620099842,3.57795983552933,0.636471286179585,3.57734382152557,1.04064296281789,3.15463364124298,0.840565910039004,3.06262314319611,107.961265916091,2548.722265625,45.1974451945378,2436.8447265625,-62.7638207215532,2.23566887304659,4.073e+09,1106
"141",141,7.9078838,0.83377132,1.6830127,1.28337500828595,4.87226992845535,1.08979483612957,4.81648057699203,1.01149680659336,4.43099617958069,0.875700459442809,4.39883381128311,1.23768232536379,4.43433493375778,1.10262166822205,4.38770711421967,61.8871528951531,545.7796875,-47.4546788226117,156.173547363281,-109.341831717765,2.7175665602634,6946900000,2178.7
"142",142,7.9078838,0.83377132,1.8309475,1.15758342521776,4.7251233458519,1.00356029209881,4.68161433935165,0.964322909614286,4.1727551817894,0.805699456109253,4.13201570510864,1.17241771539334,3.99270564317703,0.978697647164441,3.84167969226837,47.526462826362,905.27890625,-31.3281673651128,972.35859375,-78.8546301914748,2.54488263447931,7042500000,1756.4
"143",143,7.9078838,0.88801408,0.8169873,1.44051749394425,5.99824249744415,1.31345399396284,5.83009600639343,1.15081167239095,5.42952179908752,1.06674947115287,5.41620790958405,1.41079157543708,5.58744668960571,1.34571370363137,5.44310033321381,56.7604114851644,521.162060546875,-34.7092488289668,197.969091796875,-91.4696603141312,3.04039330441693,1904300000,503.01
"144",144,7.9078838,0.88801408,1.25,1.55824174247055,4.66839224100113,1.18348129131566,4.56288695335388,1.25547950438116,4.58016335964203,1.02580143340009,4.57639962434769,1.48844716286896,4.48449045419693,1.34690602283347,4.3027201294899,114.342706915048,2501.0986328125,14.1469668315007,2482.3748046875,-100.195740083547,2.93544222959991,3973300000,1178.9
"145",145,7.9078838,0.88801408,1.6830127,1.80772855156499,6.21671736240387,1.45423966102421,6.05532348155975,1.44196128452089,6.12294256687164,1.17208845557112,6.07606172561646,1.79079783183924,6.46108150482178,1.48025306888675,6.2964940071106,86.84650293986,640.289501953125,-76.8106438851618,101.842193603516,-163.657146825022,3.86155925572405,7615400000,2386.3
"146",146,7.9078838,0.91181249,1.25,1.84696736907207,5.96700370311737,1.44522330246728,5.88264524936676,1.47863888943819,5.44893324375153,1.25268874807863,5.43907105922699,1.75471847897572,5.34564971923828,1.63642033246174,5.03709197044373,123.486348162641,2563.9150390625,7.65124131810259,2528.4263671875,-115.835106844538,3.53869143791346,4534900000,1256.6
"147",147,8.8842535,0.46198592,1.25,0.560470006043593,1.19871877133846,-0.02608493380159,1.06053270399571,0.452329077444469,1.30247622728348,0.0313685882149282,1.30172580480576,0.534309031891725,1.2753339111805,0.1075795243703,1.25786513090134,62.3730986668514,1676.2505859375,60.8609680956845,1673.5833984375,-1.51213057116691,1.1123131733625,3181300000,746.22
"148",148,8.8842535,0.51622868,0.8169873,0.257058651925671,0.638023540377617,0.0923178856431644,0.622964575886726,0.190360178945517,0.719729512929916,0.0747080647187036,0.717414692044258,0.179973779190701,0.534873977303505,0.100959708317448,0.534023568034172,5.75945261606362,232.920825195312,3.64070752272788,212.268774414062,-2.11874509333574,0.424892505258204,1192100000,349.77
"149",149,8.8842535,0.51622868,1.25,0.611951348412101,1.37504354119301,-0.0192628720385703,1.20111376047134,0.495532029066593,1.42611026763916,0.0419058533470189,1.42582178115845,0.576339030589084,1.40150219202042,0.127031253466087,1.38194650411606,67.168499631148,1849.7166015625,65.0291297068963,1835.7345703125,-2.1393699242517,1.26041234072411,3613100000,821.84
"150",150,8.8842535,0.51622868,1.6830127,0.338799943203636,0.826329067349434,0.146308578465896,0.824979767203331,0.252085948408361,0.954335480928421,0.105878579579319,0.952716171741486,0.28174958295368,0.803730115294456,0.139957958837928,0.791171863675117,10.1231013256479,232.977270507812,2.38971207327242,170.230993652344,-7.73338925237548,0.591069384178753,4.264e+09,1366.8
"151",151,8.8842535,0.675,0.6690525,1.02654895383037,3.06422650814056,0.146124638271835,3.06401193141937,0.736625555838044,3.23415458202362,0.257973524717019,3.20732414722443,0.767271155913939,2.8142860531807,0.380878768942464,2.80470281839371,101.346803691652,1942.0005859375,88.5483420008857,1950.6529296875,-12.7984616907663,2.03000822350116,2618700000,896.47
"152",152,8.8842535,0.675,0.8169873,0.417611528908597,1.23796910047531,0.253310651872538,1.19643822312355,0.319034095294023,1.34148448705673,0.208471289052414,1.33825331926346,0.337214955776985,1.10145188868046,0.273143117732555,1.09733723104,8.6640253508268,309.157006835938,3.62048676869033,252.768627929688,-5.04353858213647,0.749389700555111,1536700000,428.87
"153",153,8.8842535,0.675,1.25,0.797896341751051,1.71527191996574,0.106690099882509,1.70289188623428,0.62843879747491,2.00444594025612,0.175040374991533,1.99514448642731,0.775509873036664,1.90218314528465,0.308438957659886,1.87942117452621,87.7781561794444,2228.0189453125,80.4950628450938,2237.0478515625,-7.2830933343506,1.6673972620316,3527900000,931.63
"154",154,8.8842535,0.675,1.6830127,0.581915944528121,1.84614509344101,0.385863791654209,1.76821157336235,0.443516442323856,1.67412102222443,0.307283800225168,1.67353972792625,0.533969523323601,1.6665443778038,0.401269618630052,1.63212344050407,20.0563062961285,299.189086914062,-1.65927454435787,155.880810546875,-21.7155808404864,1.09742499873114,5218200000,1664.2
"155",155,8.8842535,0.675,1.8309475,0.487892407310518,1.7968413233757,0.358127000240179,1.77448645234108,0.444365173233494,1.81095033884048,0.271491719849179,1.80502459406853,0.608069275756581,1.73936545848846,0.321907716380128,1.65467903017998,20.8967078062204,796.714501953125,-3.77249277555026,831.3484375,-24.6692005817707,1.0307512355128,6.441e+09,1776.7
"156",156,8.8842535,0.83377132,0.8169873,1.04029913499449,4.56109493970871,0.861043212332911,4.02584552764893,0.785374566709863,3.48186045885086,0.702704862669751,3.47792118787766,0.974757001468834,4.34807270765305,0.886570612947825,4.10172790288925,30.5116135373338,429.315869140625,-10.5530429261494,246.125732421875,-41.0646564634832,2.02018771838598,1923900000,507.64
"157",157,8.8842535,0.83377132,1.25,1.28386087405931,3.8842985033989,0.688386483058984,3.86051118373871,0.994590023801161,3.8957867026329,0.673843271958713,3.89105916023254,1.13751222402654,3.43128234148026,0.868626622659986,3.258937895298,118.134820251791,2485.537109375,60.0978956412619,2441.3255859375,-58.0369246105291,2.37959116509878,3960600000,1154.3
"158",158,8.8842535,0.83377132,1.6830127,1.32519042783335,4.7434014081955,1.129669183846,4.55060929059982,1.02969978138795,4.52888131141663,0.909773517811957,4.49482709169388,1.29311798922777,4.42770570516586,1.1380386155705,4.41483020782471,56.8113293909765,531.40703125,-42.1062363209433,177.145788574219,-98.9175657119198,2.78421184267678,6761100000,2121.5
"159",159,8.8842535,0.88801408,1.25,1.63551520672627,5.02434730529785,1.17220591858943,4.85663950443268,1.30834031587717,4.94896322488785,1.03369193641433,4.93690848350525,1.53835534150902,4.97347265481949,1.38000414337136,4.6575790643692,105.239042296776,2514.576953125,26.6385752647077,2523.269921875,-78.6004670320683,3.0486861033136,4175900000,1273.4
"160",160,9.3126247,0.51622868,1.25,0.625856680383619,1.49825975298882,-0.0231988712375124,1.22435018420219,0.508963653083461,1.44240438938141,0.0398733414977659,1.43252417445183,0.592918679828872,2.21156135201454,0.129601190884653,2.20871269702911,60.7906129837036,1832.005078125,59.8712465716417,1821.69765625,-0.919366412061898,1.36051652458554,3682400000,844.18
"161",161,9.3126247,0.675,0.8169873,0.422988557860294,1.24719232320785,0.25475567977135,1.20653308928013,0.322610979892253,1.35489016771317,0.211102215046037,1.35149925947189,0.340006515668856,1.10237196087837,0.276883463274241,1.09793730080128,7.76221558451957,304.100390625,3.24518004682561,246.421606445312,-4.51703553769396,0.757310847402418,1511700000,422.96
"162",162,9.3126247,0.675,1.25,0.815514718594316,1.75291702151298,0.100641312400022,1.61666095256805,0.645325159501567,2.00805574655533,0.171550841067053,2.0074699819088,0.774899219223138,2.07752481102943,0.26888611106045,2.05708116292953,92.2412987342248,2226.0810546875,84.0019883154216,2219.6763671875,-8.2393104188032,1.78625940875411,3727800000,961.14
"163",163,9.3126247,0.675,1.6830127,0.593413828633841,1.88845217227936,0.396573609284684,1.80141136050224,0.44816712482575,1.70891210436821,0.315743519290528,1.70837998390198,0.540638860806971,1.67685255408287,0.406614635325201,1.63835018873215,19.7724012154799,300.149169921875,-2.75568814618246,159.945434570312,-22.5280893616624,1.10876709555826,5.163e+09,1650.5
"164",164,9.3126247,0.83377132,1.25,1.28691951641276,3.79924654960632,0.691795550653926,3.67873162031174,0.982341740692321,3.81792396306992,0.647264823983558,3.81513893604279,1.14176114253216,3.67725193500519,0.907574017205312,3.56235682964325,110.633562278748,2473.4095703125,63.4448131781358,2459.6751953125,-47.1887491006122,2.40496408866631,4249900000,1208.6
"165",165,9.5355902,0.675,1.25,0.825718113492321,1.84656977653503,0.113132210941725,1.6593673825264,0.670508913839093,2.03371405601501,0.160711237726411,2.03359931707382,0.806270625034813,2.14023530483246,0.281755167358754,2.13266894221306,94.2421733362691,2232.802734375,83.0249375490042,2212.1986328125,-11.2172357872649,1.88768230350996,3627100000,973.64
